name,url,image,map_image,conservation_status,scientific_name,genus,species,distribution,habitat,diet,behavior,reproduction,uses,height,weight,description
Andean Tinamou,https://en.wikipedia.org/wiki/Andean_tinamou,https://upload.wikimedia.org/wikipedia/commons/thumb/9/95/Andean_Tinamou_RWD.jpg/250px-Andean_Tinamou_RWD.jpg,https://upload.wikimedia.org/wikipedia/commons/thumb/0/0d/Nothoprocta_pentlandii_map.svg/250px-Nothoprocta_pentlandii_map.svg.png,https://upload.wikimedia.org/wikipedia/commons/thumb/5/5a/Status_iucn3.1_LC.svg/250px-Status_iucn3.1_LC.svg.png,Nothoprocta pentlandii,Nothoprocta,pentlandii,"Andes from southern Ecuador to central Chile; also in the Sierras de Córdoba, Argentina","Subtropical and tropical shrubland at elevations of 800 to 4,000 meters","Omnivorous: consumes seeds, insects, and plant material",Ground-dwelling; shy and elusive; capable of short flights but prefers to run when threatened,Males incubate eggs and care for chicks; nests are concealed on the ground,Hunted locally for food; not widely used in traditional practices,27 cm (10.6 in),Approximately 260–325 g (9.2–11.5 oz),"The Andean tinamou is a ground-dwelling bird native to the Andes, characterized by its cryptic plumage and elusive behavior. It inhabits high-altitude shrublands and is known for its distinctive whistling calls."
Little Tinamou,https://en.wikipedia.org/wiki/Little_tinamou,https://upload.wikimedia.org/wikipedia/commons/thumb/5/5c/Crypturellus_soui.jpg/250px-Crypturellus_soui.jpg,https://upload.wikimedia.org/wikipedia/commons/thumb/4/4d/Crypturellus_soui_map.svg/250px-Crypturellus_soui_map.svg.png,https://upload.wikimedia.org/wikipedia/commons/thumb/5/5a/Status_iucn3.1_LC.svg/250px-Status_iucn3.1_LC.svg.png,Crypturellus soui,Crypturellus,soui,"Central and South America, from southern Mexico to northern South America",Tropical and subtropical forests,"Omnivorous: eats seeds, fruits, and small invertebrates",Secretive and elusive; prefers dense undergrowth; mostly terrestrial,Ground-nester; males incubate eggs and care for chicks,Occasionally hunted locally; not widely exploited,Approx. 20–25 cm (8–10 in),Approx. 220–250 g (7.8–8.8 oz),"A small, shy bird that inhabits dense forests, known for its soft whistles and elusive nature."
Speckled Chachalaca,https://en.wikipedia.org/wiki/Speckled_chachalaca,https://upload.wikimedia.org/wikipedia/commons/thumb/d/d7/Ortalis_guttata%2C_Speckled_Chachalaca.jpg/250px-Ortalis_guttata%2C_Speckled_Chachalaca.jpg,https://upload.wikimedia.org/wikipedia/commons/thumb/1/1e/Ortalis_guttata_map.svg/250px-Ortalis_guttata_map.svg.png,https://upload.wikimedia.org/wikipedia/commons/thumb/5/5a/Status_iucn3.1_LC.svg/250px-Status_iucn3.1_LC.svg.png,Ortalis guttata,Ortalis,guttata,Amazon Basin in South America,Tropical lowland forest and forest edges,"Fruits, seeds, flowers, and leaves",Social and vocal; lives in small groups,Builds nests in trees; 2–3 eggs; both parents care for young,Hunted for meat in some areas,48–58 cm (19–23 in),Approx. 500–700 g (1.1–1.5 lb),A noisy forest bird recognized for its spotted plumage and gregarious behavior in South American forests.
Andean Guan ,https://en.wikipedia.org/wiki/Andean_guan,https://upload.wikimedia.org/wikipedia/commons/thumb/c/c7/Andean_Guan_JCB.jpg/250px-Andean_Guan_JCB.jpg,https://upload.wikimedia.org/wikipedia/commons/thumb/1/1e/Penelope_montagnii_map.svg/250px-Penelope_montagnii_map.svg.png,https://upload.wikimedia.org/wikipedia/commons/thumb/5/5a/Status_iucn3.1_LC.svg/250px-Status_iucn3.1_LC.svg.png,Penelope montagnii,Penelope,montagnii,Andes from Venezuela to Bolivia,Montane forests,"Fruits, leaves, flowers","Arboreal, loud calls","Tree nests, 2–3 eggs",Hunted locally,65–75 cm,1.2–1.5 kg,Turkey-like with brown plumage and dewlap
Australian Brushturkey ,https://en.wikipedia.org/wiki/Australian_brushturkey,https://upload.wikimedia.org/wikipedia/commons/thumb/6/67/Australian_Brushturkey_2_-_Newington.jpg/250px-Australian_Brushturkey_2_-_Newington.jpg,,https://upload.wikimedia.org/wikipedia/commons/thumb/5/5a/Status_iucn3.1_LC.svg/250px-Status_iucn3.1_LC.svg.png,Alectura lathami,Alectura,lathami,Eastern Australia,"Rainforests, wet forests","Seeds, fruits, invertebrates","Ground-dwelling, mound-builder","Mound nests, male incubates",Urban nuisance at times,60–75 cm,2.5–3.5 kg,"Large, black, red head, yellow wattle"
Band-tailed Guan ,https://en.wikipedia.org/wiki/Band-tailed_guan,https://upload.wikimedia.org/wikipedia/commons/thumb/f/f0/Annals_of_the_Carnegie_Museum_%281922%29_%2818413004515%29.jpg/250px-Annals_of_the_Carnegie_Museum_%281922%29_%2818413004515%29.jpg,https://upload.wikimedia.org/wikipedia/commons/thumb/0/04/Penelope_argyrotis_map.svg/250px-Penelope_argyrotis_map.svg.png,https://upload.wikimedia.org/wikipedia/commons/thumb/5/5a/Status_iucn3.1_LC.svg/250px-Status_iucn3.1_LC.svg.png,Penelope argyrotis,Penelope,argyrotis,"Colombia, Venezuela",Moist lowland forests,"Fruits, seeds, leaves","Arboreal, in pairs/groups","Tree nests, 2–3 eggs",Hunted for food,65–75 cm,1.2–1.5 kg,"Medium-sized guan, banded tail"
Bartlett Tinamou ,https://en.wikipedia.org/wiki/Bartlett%27s_tinamou,https://upload.wikimedia.org/wikipedia/commons/thumb/6/62/CrypturusBartlettiKeulemans.jpg/250px-CrypturusBartlettiKeulemans.jpg,https://upload.wikimedia.org/wikipedia/commons/thumb/7/7f/Crypturellus_bartletti_map.svg/250px-Crypturellus_bartletti_map.svg.png,https://upload.wikimedia.org/wikipedia/commons/thumb/5/5a/Status_iucn3.1_LC.svg/250px-Status_iucn3.1_LC.svg.png,Crypturellus bartletti,Crypturellus,bartletti,"Peru, Brazil lowlands",Tropical moist forests,"Seeds, fruits, invertebrates","Shy, ground-dwelling","Ground nest, male incubates",Occasionally hunted,27–30 cm,300–400 g,"Small, brownish, subtle markings"
Bearded Guan  ,https://en.wikipedia.org/wiki/Bearded_guan,https://upload.wikimedia.org/wikipedia/commons/thumb/6/68/Bearded_Guan.jpg/250px-Bearded_Guan.jpg,https://upload.wikimedia.org/wikipedia/commons/thumb/a/aa/Penelope_barbata_map.svg/250px-Penelope_barbata_map.svg.png,https://upload.wikimedia.org/wikipedia/commons/thumb/5/5b/Status_iucn3.1_NT.svg/250px-Status_iucn3.1_NT.svg.png,Penelope barbata,Penelope,barbata,"Ecuador, Peru",Montane moist forests,"Fruits, seeds, leaves","Arboreal, in pairs","Tree nests, 2–3 eggs","Hunted, habitat loss",65–75 cm,1.2–1.5 kg,"Guan with feathered ""beard"" under chin"
Black-capped Tinamou  ,https://en.wikipedia.org/wiki/Black-capped_tinamou,https://cdn.download.ams.birds.cornell.edu/api/v1/asset/608874355/320,https://upload.wikimedia.org/wikipedia/commons/thumb/3/3d/Crypturellus_atrocapillus_map.svg/250px-Crypturellus_atrocapillus_map.svg.png,https://upload.wikimedia.org/wikipedia/commons/thumb/5/5a/Status_iucn3.1_LC.svg/250px-Status_iucn3.1_LC.svg.png,Crypturellus atrocapillus,Crypturellus,atrocapillus,Subtropical lowlands,Moist forests,"Seeds, fruits, invertebrates","Ground-dwelling, elusive","Ground nest, male incubates",Hunted occasionally,27–30 cm,300–400 g,"Small, black cap on head"
Blue-throated Piping Guan  ,https://en.wikipedia.org/wiki/Blue-throated_piping_guan,https://upload.wikimedia.org/wikipedia/commons/thumb/d/dc/Blue-throated_Piping_Guan_RWD3.jpg/250px-Blue-throated_Piping_Guan_RWD3.jpg,https://upload.wikimedia.org/wikipedia/commons/thumb/b/b4/Pipile_cumanensis_map.svg/250px-Pipile_cumanensis_map.svg.png,https://upload.wikimedia.org/wikipedia/commons/thumb/5/5a/Status_iucn3.1_LC.svg/250px-Status_iucn3.1_LC.svg.png,Pipile cumanensis,Pipile,cumanensis,Amazonian countries,Humid forests near rivers,"Fruits, seeds, leaves","Arboreal, piping calls","Tree nests, 2–3 eggs",Hunted in some areas,60–70 cm,1–1.2 kg,"Glossy black, blue throat"
Brazilian Tinamou ,https://en.wikipedia.org/wiki/Brazilian_tinamou,https://upload.wikimedia.org/wikipedia/commons/thumb/8/8f/Crypturellus_strigulosus.jpg/250px-Crypturellus_strigulosus.jpg,https://upload.wikimedia.org/wikipedia/commons/thumb/3/39/Crypturellus_strigulosus_map.svg/250px-Crypturellus_strigulosus_map.svg.png,https://upload.wikimedia.org/wikipedia/commons/thumb/5/5a/Status_iucn3.1_LC.svg/250px-Status_iucn3.1_LC.svg.png,Crypturellus strigulosus,Crypturellus,strigulosus,Amazonia (S. America),Tropical moist forests,"Seeds, fruits, invertebrates","Ground-dwelling, elusive","Ground nest, male incubates",Hunted occasionally,27–30 cm,300–400 g,Brown plumage with streaks
Brown Tinamou  ,https://en.wikipedia.org/wiki/Brown_tinamou,https://upload.wikimedia.org/wikipedia/commons/thumb/b/b9/Crypturellus_obsoletus.jpg/250px-Crypturellus_obsoletus.jpg,https://upload.wikimedia.org/wikipedia/commons/thumb/e/ed/Crypturellus_obsoletus_map.svg/250px-Crypturellus_obsoletus_map.svg.png,https://upload.wikimedia.org/wikipedia/commons/thumb/5/5a/Status_iucn3.1_LC.svg/250px-Status_iucn3.1_LC.svg.png,Crypturellus obsoletus,Crypturellus,obsoletus,Widespread in South America,Humid evergreen forests,"Fruits, seeds, insects","Reclusive, ground-dwelling","Ground nest, 4–5 eggs",Hunted occasionally,25–30 cm,Not specified,"Reddish-clay underparts, chocolate-brown upperparts"
Brushland Tinamou ,https://en.wikipedia.org/wiki/Brushland_tinamou,https://upload.wikimedia.org/wikipedia/commons/thumb/d/d0/Brushland_Tinamou.jpg/250px-Brushland_Tinamou.jpg,https://upload.wikimedia.org/wikipedia/commons/thumb/b/be/Nothoprocta_cinerascens_map.svg/250px-Nothoprocta_cinerascens_map.svg.png,https://upload.wikimedia.org/wikipedia/commons/thumb/5/5a/Status_iucn3.1_LC.svg/250px-Status_iucn3.1_LC.svg.png,Nothoprocta cinerascens,Nothoprocta,cinerascens,"Southeastern Bolivia, NW Paraguay, NW & Central Argentina","Dry shrubland, savanna, grassland","Insects, small animals, fruit","Ground-dwelling, elusive","Ground nest, male incubates",Hunted occasionally,31.5 cm,540 g,"Grey to olive-brown barred with black, white streaks"
Cauca Guan ,https://en.wikipedia.org/wiki/Cauca_guan,https://upload.wikimedia.org/wikipedia/commons/thumb/a/a6/Cauca_Guan.jpg/250px-Cauca_Guan.jpg,https://upload.wikimedia.org/wikipedia/commons/thumb/0/01/Penelope_perspicax_map.svg/250px-Penelope_perspicax_map.svg.png,https://upload.wikimedia.org/wikipedia/commons/thumb/6/63/Status_iucn3.1_VU.svg/250px-Status_iucn3.1_VU.svg.png,Penelope perspicax,Penelope,perspicax,Endemic to Colombia's Cauca River valley,Humid primary & secondary forests,"Fruits, leaves","Arboreal, forages in trees","Tree nests, 2–3 eggs","Hunted, habitat loss",75–85 cm,Not specified,"Dark grey head, reddish chestnut body, bright red gular sac"
Chaco Chachalaca ,https://en.wikipedia.org/wiki/Chaco_chachalaca,https://upload.wikimedia.org/wikipedia/commons/thumb/2/2a/Ortalis_canicollis_-Mato_Grosso_do_Sul%2C_Brazil-8.jpg/250px-Ortalis_canicollis_-Mato_Grosso_do_Sul%2C_Brazil-8.jpg,https://upload.wikimedia.org/wikipedia/commons/thumb/2/2a/Ortalis_canicollis_map.svg/250px-Ortalis_canicollis_map.svg.png,https://upload.wikimedia.org/wikipedia/commons/thumb/5/5a/Status_iucn3.1_LC.svg/250px-Status_iucn3.1_LC.svg.png,Ortalis canicollis,Ortalis,canicollis,"Eastern Bolivia, Western Paraguay, Northern Argentina","Swampy lowland forests, scrub","Fruits, seeds, flowers, caterpillars","Forages in groups, arboreal","Ground nest, 2–3 eggs",Hunted occasionally,Not specified,Not specified,"Brownish plumage, known for loud calls"
Chestnut-wingedChachalaca ,https://en.wikipedia.org/wiki/Chestnut-winged_chachalaca,https://upload.wikimedia.org/wikipedia/commons/thumb/5/5d/Chestnut-winged_Chachalaca.jpg/250px-Chestnut-winged_Chachalaca.jpg,https://upload.wikimedia.org/wikipedia/commons/thumb/6/6b/Ortalis_garrula_map.svg/250px-Ortalis_garrula_map.svg.png,https://upload.wikimedia.org/wikipedia/commons/thumb/5/5a/Status_iucn3.1_LC.svg/250px-Status_iucn3.1_LC.svg.png,Ortalis garrula,Ortalis,garrula,Northern South America,Subtropical or tropical moist lowland forests,"Fruits, leaves, seeds","Arboreal, social","Tree nests, 2–3 eggs",Hunted occasionally,Not specified,Not specified,Brownish plumage with chestnut wings
Cinereous Tinamou  ,https://en.wikipedia.org/wiki/Cinereous_tinamou,https://upload.wikimedia.org/wikipedia/commons/thumb/c/c0/Crypturellus_cinereus.jpg/250px-Crypturellus_cinereus.jpg,https://upload.wikimedia.org/wikipedia/commons/thumb/d/de/Cinereous_Tinamou_range_map.svg/250px-Cinereous_Tinamou_range_map.svg.png,https://upload.wikimedia.org/wikipedia/commons/thumb/5/5a/Status_iucn3.1_LC.svg/250px-Status_iucn3.1_LC.svg.png,Crypturellus cinereus,Crypturellus,cinereus,Amazon Basin,Tropical moist lowland forests,"Fruits, seeds, insects","Ground-dwelling, elusive","Ground nest, male incubates",Hunted occasionally,29–32 cm,500–600 g,"Greyish-brown plumage, short tail"
Colombian Chachalaca ,https://en.wikipedia.org/wiki/Colombian_chachalaca,https://upload.wikimedia.org/wikipedia/commons/thumb/2/23/Ortalis_columbiana.JPG/250px-Ortalis_columbiana.JPG,https://upload.wikimedia.org/wikipedia/commons/thumb/2/21/Ortalis_columbiana_map.svg/250px-Ortalis_columbiana_map.svg.png,https://upload.wikimedia.org/wikipedia/commons/thumb/5/5a/Status_iucn3.1_LC.svg/250px-Status_iucn3.1_LC.svg.png,Ortalis columbiana,Ortalis,columbiana,Endemic to Colombia,Subtropical or tropical moist lowland forests,"Fruits, leaves, seeds","Arboreal, social","Tree nests, 2–3 eggs",Hunted occasionally,Not specified,Not specified,"Brownish plumage, known for loud calls"
Crested Guan ,https://en.wikipedia.org/wiki/Crested_guan,https://upload.wikimedia.org/wikipedia/commons/thumb/8/8a/Crested_guan_%28Penelope_purpurascens_purpurascens%29_Orange_Walk.jpg/250px-Crested_guan_%28Penelope_purpurascens_purpurascens%29_Orange_Walk.jpg,https://upload.wikimedia.org/wikipedia/commons/thumb/5/5b/Status_iucn3.1_NT.svg/250px-Status_iucn3.1_NT.svg.png,https://upload.wikimedia.org/wikipedia/commons/thumb/a/a2/Penelope_purpurascens_map.svg/250px-Penelope_purpurascens_map.svg.png,Penelope purpurascens,Penelope,purpurascens,Central and South America,Subtropical or tropical moist lowland forests,"Fruits, leaves, seeds","Arboreal, social","Tree nests, 2–3 eggs",Hunted occasionally,84–91 cm,1.3–1.6 kg,Dark plumage with a distinctive crest
Dusky Megapode ,https://en.wikipedia.org/wiki/Dusky_megapode,https://upload.wikimedia.org/wikipedia/commons/thumb/b/b0/Megapodius_freycinet_1838.jpg/250px-Megapodius_freycinet_1838.jpg,,https://upload.wikimedia.org/wikipedia/commons/thumb/5/5a/Status_iucn3.1_LC.svg/250px-Status_iucn3.1_LC.svg.png,Megapodius freycinet,Megapodius,freycinet,"Maluku and Raja Ampat Islands, Indonesia","Forests and swamps, including mangroves",Omnivorous,"Terrestrial, mound-builder","Mound nests, male incubates",Hunted locally,41 cm,Not specified,"Blackish bird with short crest, bare red facial skin"
Dusky-legged Guan ,https://en.wikipedia.org/wiki/Dusky-legged_guan,https://upload.wikimedia.org/wikipedia/commons/thumb/c/c5/Dusky-legged_guan.jpg/250px-Dusky-legged_guan.jpg,https://upload.wikimedia.org/wikipedia/commons/thumb/0/06/Penelope_obscura_map.svg/250px-Penelope_obscura_map.svg.png,https://upload.wikimedia.org/wikipedia/commons/thumb/5/5a/Status_iucn3.1_LC.svg/250px-Status_iucn3.1_LC.svg.png,Penelope obscura,Penelope,obscura,"Uruguay, NE Argentina, S Paraguay, S Brazil",Forests and woodlands,"Fruits, leaves, seeds","Arboreal, social","Tree nests, 2–3 eggs",Hunted occasionally,65–75 cm,1.2–1.5 kg,"Dark brown plumage, red dewlap"
Dwarf Tinamou  ,https://en.wikipedia.org/wiki/Dwarf_tinamou,https://upload.wikimedia.org/wikipedia/commons/d/d8/Taoniscus.jpg,https://upload.wikimedia.org/wikipedia/commons/thumb/d/db/Taoniscus_nanus_map.svg/250px-Taoniscus_nanus_map.svg.png,https://upload.wikimedia.org/wikipedia/commons/thumb/7/70/Status_iucn3.1_EN.svg/250px-Status_iucn3.1_EN.svg.png,Taoniscus nanus,Taoniscus,nanus,"Cerrado region, Brazil",Arid scrub grasslands,"Seeds, insects, fruits","Ground-dwelling, elusive","Ground nest, male incubates",Hunted occasionally,16 cm,Not specified,"Greyish-brown with pale throat, barred underparts"
Great Tinamou  ,https://en.wikipedia.org/wiki/Great_tinamou,https://upload.wikimedia.org/wikipedia/commons/thumb/b/b1/Tinamus_majorPCSL00504B.jpg/250px-Tinamus_majorPCSL00504B.jpg,https://upload.wikimedia.org/wikipedia/commons/thumb/7/70/Tinamus_major_map.svg/250px-Tinamus_major_map.svg.png,https://upload.wikimedia.org/wikipedia/commons/thumb/5/5a/Status_iucn3.1_LC.svg/250px-Status_iucn3.1_LC.svg.png,Tinamus major,Tinamus,major,Central and South America,Tropical moist forests,"Fruits, seeds, insects","Ground-dwelling, elusive","Ground nest, male incubates",Hunted occasionally,43–45 cm,Up to 1 kg,"Dark plumage with black, brown, and reddish-brown coloring"
Grey Tinamou  ,https://en.wikipedia.org/wiki/Grey_tinamou,https://upload.wikimedia.org/wikipedia/commons/thumb/7/72/Tao001_edit_crop.jpg/250px-Tao001_edit_crop.jpg,https://upload.wikimedia.org/wikipedia/commons/thumb/4/40/Tinamus_tao_map.svg/250px-Tinamus_tao_map.svg.png,https://upload.wikimedia.org/wikipedia/commons/thumb/6/63/Status_iucn3.1_VU.svg/250px-Status_iucn3.1_VU.svg.png,Tinamus tao,Tinamus,tao,South America,Tropical and subtropical forests,"Fruits, seeds, insects","Ground-dwelling, elusive","Ground nest, male incubates",Hunted occasionally,40–46 cm,Not specified,Predominantly grey plumage with subtle browns and tans
Grey-headed Chachalaca ,https://en.wikipedia.org/wiki/Grey-headed_chachalaca,https://upload.wikimedia.org/wikipedia/commons/thumb/6/67/Gray-headed_chachalacas_%2834008%29.jpg/250px-Gray-headed_chachalacas_%2834008%29.jpg,https://upload.wikimedia.org/wikipedia/commons/thumb/a/a7/Ortalis_cinereiceps_map.svg/250px-Ortalis_cinereiceps_map.svg.png,https://upload.wikimedia.org/wikipedia/commons/thumb/5/5a/Status_iucn3.1_LC.svg/250px-Status_iucn3.1_LC.svg.png,Ortalis cinereiceps,Ortalis,cinereiceps,Honduras to Colombia,Humid landscapes with dense vegetation,"Fruits, leaves, invertebrates","Social, forages in groups","Tree nests, 3 eggs",Hunted occasionally,48–56 cm,490–650 g,"Grayish brown above, paler below, dark grey head"
Highland Tinamou  ,https://en.wikipedia.org/wiki/Highland_tinamou,https://upload.wikimedia.org/wikipedia/commons/thumb/e/ea/Nothocercus_bonapartei_1902.jpg/250px-Nothocercus_bonapartei_1902.jpg,https://upload.wikimedia.org/wikipedia/commons/thumb/8/83/Nothocercus_bonapartei_map.svg/250px-Nothocercus_bonapartei_map.svg.png,https://upload.wikimedia.org/wikipedia/commons/thumb/5/5a/Status_iucn3.1_LC.svg/250px-Status_iucn3.1_LC.svg.png,Nothocercus bonapartei,Nothocercus,bonapartei,"Andes of Colombia, Ecuador, Peru, Venezuela, Costa Rica, Panama",Montane forests above 1500m,"Fruits, insects","Shy, solitary or small groups","Ground nest, male incubates",Hunted occasionally,38.5 cm,925 g,"Mottled or barred with black and cinnamon, rufous throat"
Little Chachalaca ,https://en.wikipedia.org/wiki/Little_chachalaca,https://upload.wikimedia.org/wikipedia/commons/thumb/f/f8/Ortalis_motmot_-_Little_Chachalaca%3B_Presidente_Figueiredo%2C_Amazonas%2C_Brazil.jpg/250px-Ortalis_motmot_-_Little_Chachalaca%3B_Presidente_Figueiredo%2C_Amazonas%2C_Brazil.jpg,https://upload.wikimedia.org/wikipedia/commons/thumb/f/f5/Ortalis_motmot_map.svg/250px-Ortalis_motmot_map.svg.png,https://upload.wikimedia.org/wikipedia/commons/thumb/5/5a/Status_iucn3.1_LC.svg/250px-Status_iucn3.1_LC.svg.png,Ortalis motmot,Ortalis,motmot,"Brazil, French Guiana, Suriname, Guyana, Venezuela","Undergrowth along rivers, clearings","Berries, fruits, flowers, leaves",Forages in pairs or small flocks,"Tree nests, 3 eggs",Hunted occasionally,43–48 cm,345–430 g,"Reddish chestnut head, reddish brown to gray-brown upperparts"
Orange-footed Scrubfowl ,https://en.wikipedia.org/wiki/Orange-footed_scrubfowl,https://upload.wikimedia.org/wikipedia/commons/thumb/0/02/Megapodius_reinwardt_Cairns.jpg/250px-Megapodius_reinwardt_Cairns.jpg,https://upload.wikimedia.org/wikipedia/commons/thumb/2/2a/Megapodius_reinwardt_distribution.jpg/250px-Megapodius_reinwardt_distribution.jpg,https://upload.wikimedia.org/wikipedia/commons/thumb/5/5a/Status_iucn3.1_LC.svg/250px-Status_iucn3.1_LC.svg.png,Megapodius reinwardt,Megapodius,reinwardt,"Northern Australia, southern New Guinea, Lesser Sunda Islands","Lowland and montane rainforest, swamp forest, mangroves, arid bushy or grassy areas",Omnivorous,"Ground-dwelling, mound-builder",Mound nests; eggs incubated by heat from decomposing vegetation,Hunted locally,35–47 cm,560–1200 g,"Medium-sized bird with brownish olive-grey plumage, chestnut tinge on back, orange to pinkish-red legs."
Pale-browed Tinamou ,https://en.wikipedia.org/wiki/Pale-browed_tinamou,https://upload.wikimedia.org/wikipedia/commons/thumb/b/b8/Pale-browedTinamou.jpg/250px-Pale-browedTinamou.jpg,https://upload.wikimedia.org/wikipedia/commons/thumb/d/d5/Crypturellus_transfasciatus_map.svg/250px-Crypturellus_transfasciatus_map.svg.png,https://upload.wikimedia.org/wikipedia/commons/thumb/5/5b/Status_iucn3.1_NT.svg/250px-Status_iucn3.1_NT.svg.png,Crypturellus transfasciatus,Crypturellus,transfasciatus,Western Ecuador and northwestern Peru,"Tropical dry forests up to 1,500 m elevation","Seeds, fruits, insects","Secretive, ground-dwelling",Ground nest; male incubates and raises chicks,Hunted occasionally,Not specified,Not specified,Small tinamou with pale brow stripe; overall brownish plumage.
Plain Chachalaca ,https://en.wikipedia.org/wiki/Plain_chachalaca,https://upload.wikimedia.org/wikipedia/commons/thumb/d/df/Plain_Chachalaca_Roadside.png/250px-Plain_Chachalaca_Roadside.png,https://upload.wikimedia.org/wikipedia/commons/thumb/5/5a/Status_iucn3.1_LC.svg/250px-Status_iucn3.1_LC.svg.png,https://upload.wikimedia.org/wikipedia/commons/thumb/d/d1/Ortalis_vetula-map.png/250px-Ortalis_vetula-map.png,Ortalis vetula,Ortalis,vetula,Southern Texas (USA) to northern Costa Rica,"Brushy and thorny forests, scrubland, second-growth forest edges","Fruits, buds, flowers, insects","Arboreal, social, noisy",Tree nests; 2–3 eggs; both parents care for young,Hunted occasionally,48–58 cm,500–700 g,"Large, chicken-like bird with gray head, olive-brown body, long tail."
Red-legged Tinamou  ,https://en.wikipedia.org/wiki/Red-legged_tinamou,https://upload.wikimedia.org/wikipedia/commons/thumb/1/17/CrypturusErythropusKeulemans.jpg/250px-CrypturusErythropusKeulemans.jpg,https://upload.wikimedia.org/wikipedia/commons/thumb/6/60/Crypturellus_erythropus_map.svg/250px-Crypturellus_erythropus_map.svg.png,https://upload.wikimedia.org/wikipedia/commons/thumb/5/5a/Status_iucn3.1_LC.svg/250px-Status_iucn3.1_LC.svg.png,Crypturellus erythropus,Crypturellus,erythropus,"Northern South America (Colombia, Venezuela, Guyana, Suriname, Brazil)","Dry to moist deciduous forests, thorn scrub, open woodland, grasslands","Seeds, fruits, insects","Ground-dwelling, elusive",Ground nest; male incubates and raises chicks,Hunted occasionally,27–30 cm,430–550 g,"Medium-sized bird with brown plumage, reddish legs, and short tail."
Red-winged Tinamou  ,https://en.wikipedia.org/wiki/Red-winged_tinamou,https://upload.wikimedia.org/wikipedia/commons/thumb/a/a4/Rhynchotus_rufescens_-Parque_das_Aves-8a.jpg/250px-Rhynchotus_rufescens_-Parque_das_Aves-8a.jpg,https://upload.wikimedia.org/wikipedia/commons/thumb/f/f1/Rhynchotus_rufescens_map.svg/250px-Rhynchotus_rufescens_map.svg.png,https://upload.wikimedia.org/wikipedia/commons/thumb/5/5a/Status_iucn3.1_LC.svg/250px-Status_iucn3.1_LC.svg.png,Rhynchotus rufescens,Rhynchotus,rufescens,"Central and eastern South America (Brazil, Bolivia, Paraguay, Argentina)","Marshy grasslands, forest edges, arid shrubland, pastures, grain fields","Insects, small animals, fruits, shoots, tubers, bulbs","Ground-dwelling, elusive",Ground nest; male incubates and raises chicks,Hunted occasionally,40–46 cm,830 g,"Medium-sized bird with black crown, rufous primaries, light gray to brown underparts."
Rufous-bellied Chachalaca ,https://en.wikipedia.org/wiki/Rufous-bellied_chachalaca,https://upload.wikimedia.org/wikipedia/commons/thumb/5/59/Chachalaca_Vientre_Castaño_%2815954400939%29.jpg/250px-Chachalaca_Vientre_Castaño_%2815954400939%29.jpg,https://upload.wikimedia.org/wikipedia/commons/thumb/6/69/Ortalis_wagleri_map.svg/250px-Ortalis_wagleri_map.svg.png,https://upload.wikimedia.org/wikipedia/commons/thumb/5/5a/Status_iucn3.1_LC.svg/250px-Status_iucn3.1_LC.svg.png,Ortalis wagleri,Ortalis,wagleri,Northwestern Mexico (Sonora to Jalisco),"Tropical and subtropical forests, scrublands","Fruits, seeds, leaves","Arboreal, social",Tree nests; 2–3 eggs; both parents care for young,Hunted occasionally,48–56 cm,500–700 g,"Medium-sized bird with rufous belly, brown upperparts, and long tail."
Rufous-headed Chachalaca ,https://en.wikipedia.org/wiki/Rufous-headed_chachalaca,https://upload.wikimedia.org/wikipedia/commons/thumb/3/30/Rufous-headed_Chachalaca.jpg/250px-Rufous-headed_Chachalaca.jpg,https://upload.wikimedia.org/wikipedia/commons/thumb/e/ee/Ortalis_erythroptera_map.svg/250px-Ortalis_erythroptera_map.svg.png,https://upload.wikimedia.org/wikipedia/commons/thumb/6/63/Status_iucn3.1_VU.svg/250px-Status_iucn3.1_VU.svg.png,Ortalis erythroptera,Ortalis,erythroptera,Southwestern Colombia and northwestern Ecuador,Tropical and subtropical forests,"Fruits, seeds, leaves","Arboreal, social",Tree nests; 2–3 eggs; both parents care for young,Hunted occasionally,48–56 cm,500–700 g,"Medium-sized bird with rufous head, neck, and breast; grayish-brown back and wings."
Rufous-vented Chachalaca ,https://en.wikipedia.org/wiki/Rufous-vented_chachalaca,https://upload.wikimedia.org/wikipedia/commons/thumb/1/13/Rufous-vented_Chachalaca_-_Guacharaca_del_Norte_%28Ortalis_ruficauda%29_%288629080871%29.jpg/250px-Rufous-vented_Chachalaca_-_Guacharaca_del_Norte_%28Ortalis_ruficauda%29_%288629080871%29.jpg,https://upload.wikimedia.org/wikipedia/commons/thumb/5/5a/Status_iucn3.1_LC.svg/250px-Status_iucn3.1_LC.svg.png,https://upload.wikimedia.org/wikipedia/commons/thumb/c/c7/Ortalis_ruficauda_map.svg/250px-Ortalis_ruficauda_map.svg.png,Ortalis ruficauda,Ortalis,ruficauda,"Northeastern Colombia, northern Venezuela, Tobago","Thorny deciduous brushland, gallery forest, forest patches in drier lowlands","Fruits, seeds, leaves","Arboreal, social",Tree nests; 2–3 eggs; both parents care for young,Hunted occasionally,48–51 cm,500–700 g,"Medium-sized bird with brown plumage, rufous-colored vent, long tail, and small crest."
Rusty-margined Guan ,https://en.wikipedia.org/wiki/Rusty-margined_guan,https://upload.wikimedia.org/wikipedia/commons/thumb/9/9a/Penelope_superciliaris-2.JPG/250px-Penelope_superciliaris-2.JPG,https://upload.wikimedia.org/wikipedia/commons/thumb/6/6c/Penelope_superciliaris_map.svg/250px-Penelope_superciliaris_map.svg.png,https://upload.wikimedia.org/wikipedia/commons/thumb/5/5b/Status_iucn3.1_NT.svg/250px-Status_iucn3.1_NT.svg.png,Penelope superciliaris,Penelope,superciliaris,"Argentina, Bolivia, Brazil, Paraguay","Tropical and subtropical forests, including fragmented habitats","Fruits, seeds, leaves","Arboreal, social",Tree nests; 2–3 eggs; both parents care for young,Hunted occasionally,65–75 cm,1.2–1.5 kg,Medium-sized bird with brownish plumage and a distinctive white stripe above the eye.
Slaty-breasted Tinamou  ,https://en.wikipedia.org/wiki/Slaty-breasted_tinamou,https://upload.wikimedia.org/wikipedia/commons/thumb/8/8d/Crypturellus_boucardi_%28cropped%29.jpg/330px-Crypturellus_boucardi_%28cropped%29.jpg,https://upload.wikimedia.org/wikipedia/commons/thumb/b/b7/Crypturellus_boucardi_map.svg/250px-Crypturellus_boucardi_map.svg.png,https://upload.wikimedia.org/wikipedia/commons/thumb/6/63/Status_iucn3.1_VU.svg/250px-Status_iucn3.1_VU.svg.png,Crypturellus boucardi,Crypturellus,boucardi,"Mexico, Guatemala, Belize, Honduras, Nicaragua, Costa Rica",Lowland moist forests with dense undergrowth,"Fruits, seeds, insects","Ground-dwelling, elusive",Ground nest; male incubates and raises chicks,Hunted occasionally,27 cm,470 g,"Medium-sized bird with slaty grey breast, white throat, and pink to bright red legs."
Small-billed Tinamou  ,https://en.wikipedia.org/wiki/Small-billed_tinamou,https://upload.wikimedia.org/wikipedia/commons/thumb/6/67/Crypturellus_parvirostris_2.jpg/250px-Crypturellus_parvirostris_2.jpg,https://upload.wikimedia.org/wikipedia/commons/thumb/3/34/Crypturellus_parvirostris_map.svg/250px-Crypturellus_parvirostris_map.svg.png,https://upload.wikimedia.org/wikipedia/commons/thumb/5/5a/Status_iucn3.1_LC.svg/250px-Status_iucn3.1_LC.svg.png,Crypturellus parvirostris,Crypturellus,parvirostris,"Brazil, Bolivia, Paraguay, Argentina","Dry savanna, lowland dry shrubland, degraded forests","Seeds, fruits, insects","Ground-dwelling, elusive",Ground nest; male incubates and raises chicks,Hunted occasionally,21 cm,Not specified,Small to medium-sized bird with gray to pale red plumage.
Solitary Tinamou ,https://en.wikipedia.org/wiki/Solitary_tinamou,https://upload.wikimedia.org/wikipedia/commons/thumb/a/ac/Tinamus_solitarius_-Intervales_State_Park%2C_Sao_Paulo%2C_Brazil-8.jpg/250px-Tinamus_solitarius_-Intervales_State_Park%2C_Sao_Paulo%2C_Brazil-8.jpg,https://upload.wikimedia.org/wikipedia/commons/thumb/2/22/Tinamus_solitarius_repartition.svg/250px-Tinamus_solitarius_repartition.svg.png,https://upload.wikimedia.org/wikipedia/commons/thumb/5/5b/Status_iucn3.1_NT.svg/250px-Status_iucn3.1_NT.svg.png,Tinamus solitarius,Tinamus,solitarius,"Eastern Brazil, southeastern Paraguay, northeastern Argentina",Atlantic forest,"Fruits, seeds, insects","Ground-dwelling, elusive",Ground nest; male incubates and raises chicks,Hunted occasionally,43–45 cm,Up to 1 kg,Large tinamou with dark plumage and a solitary nature.
Spixs Guan   ,https://en.wikipedia.org/wiki/Spix%27s_guan,https://upload.wikimedia.org/wikipedia/commons/thumb/b/b9/Penelope_jacquacu_-Manu_National_Park%2C_Peru-8.jpg/250px-Penelope_jacquacu_-Manu_National_Park%2C_Peru-8.jpg,https://upload.wikimedia.org/wikipedia/commons/thumb/9/9c/Penelope_jacquacu_map.svg/250px-Penelope_jacquacu_map.svg.png,https://upload.wikimedia.org/wikipedia/commons/thumb/5/5a/Status_iucn3.1_LC.svg/250px-Status_iucn3.1_LC.svg.png,Penelope jacquacu,Penelope,jacquacu,"Bolivia, Brazil, Colombia, Ecuador, Guyana, Peru, Venezuela",Amazonian lowland forests,"Fruits, seeds, leaves","Arboreal, social",Tree nests; 2–4 eggs; both parents care for young,Hunted occasionally,65–75 cm,1.2–1.5 kg,"Medium-sized bird with dark plumage, red dewlap, and a short, curved crest."
Spotted Nothura ,https://en.wikipedia.org/wiki/Spotted_nothura,https://upload.wikimedia.org/wikipedia/commons/thumb/3/30/CODORNA-AMARELA_%28Nothura_maculosa%29.jpg/250px-CODORNA-AMARELA_%28Nothura_maculosa%29.jpg,https://upload.wikimedia.org/wikipedia/commons/thumb/0/06/Nothura_maculosa_map.svg/250px-Nothura_maculosa_map.svg.png,https://upload.wikimedia.org/wikipedia/commons/thumb/5/5a/Status_iucn3.1_LC.svg/250px-Status_iucn3.1_LC.svg.png,Nothura maculosa,Nothura,maculosa,"Eastern and southern Brazil, Paraguay, Uruguay, eastern and northern Argentina","Grassy habitats, dry lowland savanna","Seeds, fruits, insects","Ground-dwelling, elusive",Ground nest; male incubates and raises chicks,Hunted occasionally,24–27 cm,Not specified,Small tinamou with spotted plumage adapted to grassy environments.
Tataupa Tinamou ,https://en.wikipedia.org/wiki/Tataupa_tinamou,https://upload.wikimedia.org/wikipedia/commons/thumb/2/25/Crypturellus_tataupa_-Piraju%2C_Sao_Paulo%2C_Brasil-8.jpg/250px-Crypturellus_tataupa_-Piraju%2C_Sao_Paulo%2C_Brasil-8.jpg,https://upload.wikimedia.org/wikipedia/commons/thumb/3/33/Crypturellus_tataupa_map.svg/250px-Crypturellus_tataupa_map.svg.png,https://upload.wikimedia.org/wikipedia/commons/thumb/5/5a/Status_iucn3.1_LC.svg/250px-Status_iucn3.1_LC.svg.png,Crypturellus tataupa,Crypturellus,tataupa,"Northeastern Brazil, eastern Bolivia, northern Argentina, Paraguay, western Peru","Dry forests, lowland moist forests, degraded habitats","Seeds, fruits, insects","Ground-dwelling, elusive",Ground nest; male incubates and raises chicks,Hunted occasionally,27 cm,Not specified,Small tinamou with brownish plumage and a distinctive call.
Tawny-breasted Tinamou   ,https://en.wikipedia.org/wiki/Tawny-breasted_tinamou,https://encrypted-tbn3.gstatic.com/images?q=tbn:ANd9GcTHgwzMCY9vNA2Cb0W0DjJEEAHA8LAGyGq5QJXHTzQ5CzLmvsZwIyrosPRT3CcvtrnVuAbAvoz7L5_5Zis7M4_qzA,https://upload.wikimedia.org/wikipedia/commons/thumb/1/1c/Nothocercus_julius_map.svg/250px-Nothocercus_julius_map.svg.png,https://upload.wikimedia.org/wikipedia/commons/thumb/5/5a/Status_iucn3.1_LC.svg/250px-Status_iucn3.1_LC.svg.png,Nothocercus julius,Nothocercus,julius,"Venezuela, Colombia, Ecuador, southern Peru","Montane moist forests at elevations up to 3,350 m","Fruits, seeds, insects","Ground-dwelling, elusive",Ground nest; male incubates and raises chicks,Hunted occasionally,39 cm,Not specified,"Medium-sized bird with tawny-colored breast, olive-brown upperparts, and a rich rufous crown."
Thicket Tinamou  ,https://en.wikipedia.org/wiki/Thicket_tinamou,https://upload.wikimedia.org/wikipedia/commons/thumb/0/0b/Crypturellus_cinnamomeus_%28cropped%29.jpg/250px-Crypturellus_cinnamomeus_%28cropped%29.jpg,https://upload.wikimedia.org/wikipedia/commons/thumb/3/34/Crypturellus_cinnamomeus_map.svg/250px-Crypturellus_cinnamomeus_map.svg.png,https://upload.wikimedia.org/wikipedia/commons/thumb/5/5a/Status_iucn3.1_LC.svg/250px-Status_iucn3.1_LC.svg.png,Crypturellus cinnamomeus,Crypturellus,cinnamomeus,Mexico to northwestern Colombia,Tropical and subtropical forests with dense undergrowth,"Seeds, fruits, insects","Ground-dwelling, elusive",Ground nest; male incubates and raises chicks,Hunted occasionally,27–30 cm,Not specified,Small tinamou with cinnamon-colored plumage adapted to dense thickets.
Undulated Tinamou  ,https://en.wikipedia.org/wiki/Undulated_tinamou,https://upload.wikimedia.org/wikipedia/commons/thumb/c/cf/Crypturellus_undulatus.JPG/250px-Crypturellus_undulatus.JPG,https://upload.wikimedia.org/wikipedia/commons/thumb/6/67/Crypturellus_undulatus_map.svg/250px-Crypturellus_undulatus_map.svg.png,https://upload.wikimedia.org/wikipedia/commons/thumb/5/5a/Status_iucn3.1_LC.svg/250px-Status_iucn3.1_LC.svg.png,Crypturellus undulatus,Crypturellus,undulatus,Northern and central South America,Tropical and subtropical forests,"Seeds, fruits, insects","Ground-dwelling, elusive",Ground nest; male incubates and raises chicks,Hunted occasionally,28–32 cm,Not specified,Medium-sized tinamou with undulating patterns on its plumage.
Variegated Tinamou ,https://en.wikipedia.org/wiki/Variegated_tinamou,https://upload.wikimedia.org/wikipedia/commons/1/12/Crypturellus_variegatus.jpg,https://upload.wikimedia.org/wikipedia/commons/thumb/d/d6/Crypturellus_variegatus_map.svg/250px-Crypturellus_variegatus_map.svg.png,https://upload.wikimedia.org/wikipedia/commons/thumb/5/5a/Status_iucn3.1_LC.svg/250px-Status_iucn3.1_LC.svg.png,Crypturellus variegatus,Crypturellus,variegatus,Amazon Basin,Tropical moist lowland forests,"Seeds, fruits, insects","Ground-dwelling, elusive",Ground nest; male incubates and raises chicks,Hunted occasionally,30–32 cm,Not specified,Medium-sized tinamou with variegated plumage patterns.
West Mexican Chachalaca ,https://en.wikipedia.org/wiki/West_Mexican_chachalaca,https://upload.wikimedia.org/wikipedia/commons/thumb/8/8f/Ortalis_poliocephala_-Huatulco%2C_Mexico-8.jpg/250px-Ortalis_poliocephala_-Huatulco%2C_Mexico-8.jpg,https://upload.wikimedia.org/wikipedia/commons/thumb/2/2e/Ortalis_poliocephala_map.svg/250px-Ortalis_poliocephala_map.svg.png,https://upload.wikimedia.org/wikipedia/commons/thumb/5/5a/Status_iucn3.1_LC.svg/250px-Status_iucn3.1_LC.svg.png,Ortalis poliocephala,Ortalis,poliocephala,Western Mexico,"Tropical and subtropical forests, scrublands","Fruits, seeds, leaves","Arboreal, social",Tree nests; 2–3 eggs; both parents care for young,Hunted occasionally,48–56 cm,500–700 g,Medium-sized bird with grayish head and brownish body.
White-bellied Nothura ,https://en.wikipedia.org/wiki/White-bellied_nothura,https://upload.wikimedia.org/wikipedia/commons/thumb/f/f3/Nothura_boraquira_-_White-bellied_nothura%3B_Poções%2C_Bahia%2C_Brazil.jpg/250px-Nothura_boraquira_-_White-bellied_nothura%3B_Poções%2C_Bahia%2C_Brazil.jpg,https://upload.wikimedia.org/wikipedia/commons/thumb/2/2b/Nothura_boraquira_map.svg/250px-Nothura_boraquira_map.svg.png,https://upload.wikimedia.org/wikipedia/commons/thumb/5/5a/Status_iucn3.1_LC.svg/250px-Status_iucn3.1_LC.svg.png,Nothura boraquira,Nothura,boraquira,Northeastern Brazil,Dry grasslands and savannas,"Seeds, fruits, insects","Ground-dwelling, elusive",Ground nest; male incubates and raises chicks,Hunted occasionally,24–27 cm,Not specified,Small tinamou with white belly and brownish upperparts.
White-throated Tinamou  ,https://en.wikipedia.org/wiki/White-throated_tinamou,https://upload.wikimedia.org/wikipedia/commons/thumb/d/d6/Tinamus_guttatus.JPG/250px-Tinamus_guttatus.JPG,https://upload.wikimedia.org/wikipedia/commons/thumb/7/7c/Tinamus_guttatus_map.svg/250px-Tinamus_guttatus_map.svg.png,https://upload.wikimedia.org/wikipedia/commons/thumb/5/5b/Status_iucn3.1_NT.svg/250px-Status_iucn3.1_NT.svg.png,Tinamus guttatus,Tinamus,guttatus,Amazon Basin,Tropical moist lowland forests,"Fruits, seeds, insects","Ground-dwelling, elusive",Ground nest; male incubates and raises chicks,Hunted occasionally,43–45 cm,Up to 1 kg,Large tinamou with white throat and dark plumage.
Yellow-legged Tinamou  ,https://en.wikipedia.org/wiki/Yellow-legged_tinamou,https://upload.wikimedia.org/wikipedia/commons/thumb/0/06/Crypturellus_noctivagus.JPG/250px-Crypturellus_noctivagus.JPG,https://upload.wikimedia.org/wikipedia/commons/thumb/6/64/Crypturellus_noctivagus_map.svg/250px-Crypturellus_noctivagus_map.svg.png,https://upload.wikimedia.org/wikipedia/commons/thumb/5/5b/Status_iucn3.1_NT.svg/250px-Status_iucn3.1_NT.svg.png,Crypturellus noctivagus,Crypturellus,noctivagus,Southeastern Brazil,Atlantic forest,"Seeds, fruits, insects","Ground-dwelling, elusive",Ground nest; male incubates and raises chicks,Hunted occasionally,30–32 cm,Not specified,Medium-sized tinamou with yellow legs and brownish plumage.